Feature,Business_Coefficient,Abs_Impact
frequency_orders,23686.02588021484,23686.02588021484
n_unique_products,3267.2703265360806,3267.2703265360806
shipping_reliability,2981.4067425006047,2981.4067425006047
recency_days,66.6119159391903,66.6119159391903
avg_totalmsrp,15.542876730192802,15.542876730192802
